Date,Open,High,Low,Close,green,red,flat,intraday_return,sma_200,signal,strategy,trade_date,gross_profit,cost,net_profit,cumulative_net_profit
2015-07-10,2044.75,2074.75,2044.75,2069.0,True,False,False,0.011859640542853711,2051.9075,True,buy_after_first_green_after_red_below_200dma,2015-07-10,1.185964054285371,0.02,1.165964054285371,1.165964054285371
2015-09-03,1947.5,1973.5,1942.0,1946.0,False,True,False,-0.0007702182284980985,2069.39375,True,buy_after_first_green_after_red_below_200dma,2015-09-03,-0.07702182284980985,0.02,-0.09702182284980986,1.0689422314355612
2015-09-09,1966.5,1992.0,1935.5,1942.75,False,True,False,-0.012077294685990392,2067.80625,True,buy_after_first_green_after_red_below_200dma,2015-09-09,-1.2077294685990392,0.02,-1.2277294685990392,-0.15878723716347798
2015-09-11,1949.5,1962.5,1937.25,1960.25,True,False,False,0.0055142344190817205,2066.70875,True,buy_after_first_green_after_red_below_200dma,2015-09-11,0.551423441908172,0.02,0.531423441908172,0.37263620474469406
2015-09-16,1979.75,1999.0,1972.75,1998.25,True,False,False,0.00934461421896704,2065.33875,True,buy_after_first_green_after_red_below_200dma,2015-09-16,0.934461421896704,0.02,0.914461421896704,1.287097626641398
2015-09-22,1964.25,1965.0,1917.75,1932.0,False,True,False,-0.016418480336006125,2063.24625,True,buy_after_first_green_after_red_below_200dma,2015-09-22,-1.6418480336006125,0.02,-1.6618480336006125,-0.37475040695921447
2015-09-28,1915.5,1929.75,1868.75,1872.0,False,True,False,-0.022709475332811313,2060.34125,True,buy_after_first_green_after_red_below_200dma,2015-09-28,-2.2709475332811313,0.02,-2.2909475332811313,-2.665697940240346
2015-10-01,1902.5,1929.5,1890.25,1916.75,True,False,False,0.007490144546649091,2058.75,True,buy_after_first_green_after_red_below_200dma,2015-10-01,0.7490144546649091,0.02,0.7290144546649091,-1.9366834855754367
2015-10-08,1987.75,2008.75,1971.0,2006.5,True,False,False,0.009432775751477829,2057.20875,True,buy_after_first_green_after_red_below_200dma,2015-10-08,0.9432775751477829,0.02,0.9232775751477829,-1.0134059104276538
2015-10-16,2018.25,2026.5,2012.25,2025.5,True,False,False,0.003592220983525296,2055.12875,True,buy_after_first_green_after_red_below_200dma,2015-10-16,0.3592220983525296,0.02,0.3392220983525296,-0.6741838120751242
2015-10-23,2054.25,2074.5,2053.25,2066.0,True,False,False,0.005719849093342999,2055.35,True,buy_after_first_green_after_red_below_200dma,2015-10-23,0.5719849093342999,0.02,0.5519849093342999,-0.12219890274082434
2015-11-17,2047.75,2063.5,2041.5,2049.0,True,False,False,0.0006104260774020265,2059.615,True,buy_after_first_green_after_red_below_200dma,2015-11-17,0.06104260774020265,0.02,0.041042607740202644,-0.0811562950006217
2015-12-11,2050.75,2056.25,2005.0,2009.75,False,True,False,-0.019992685602828186,2058.68125,True,buy_after_first_green_after_red_below_200dma,2015-12-11,-1.9992685602828186,0.02,-2.0192685602828186,-2.1004248552834404
2015-12-15,2021.75,2054.0,2019.0,2045.5,True,False,False,0.011747248670705979,2057.9075,True,buy_after_first_green_after_red_below_200dma,2015-12-15,1.1747248670705979,0.02,1.1547248670705978,-0.9456999882128425
2015-12-22,2017.0,2036.5,2007.25,2036.0,True,False,False,0.009419930589985137,2056.9225,True,buy_after_first_green_after_red_below_200dma,2015-12-22,0.9419930589985137,0.02,0.9219930589985137,-0.02370692921432882
2016-01-06,2010.75,2013.25,1970.5,1986.0,False,True,False,-0.012308839985080144,2055.07875,True,buy_after_first_green_after_red_below_200dma,2016-01-06,-1.2308839985080144,0.02,-1.2508839985080145,-1.2745909277223433
2016-01-12,1913.5,1940.25,1899.0,1925.0,True,False,False,0.006009929448654194,2052.29875,True,buy_after_first_green_after_red_below_200dma,2016-01-12,0.6009929448654194,0.02,0.5809929448654194,-0.6935979828569239
2016-01-15,1913.5,1921.0,1849.25,1875.0,False,True,False,-0.02012019858897307,2049.7075,True,buy_after_first_green_after_red_below_200dma,2016-01-15,-2.012019858897307,0.02,-2.032019858897307,-2.725617841754231
2016-01-20,1871.75,1878.5,1804.25,1855.0,False,True,False,-0.00894884466408441,2047.68375,True,buy_after_first_green_after_red_below_200dma,2016-01-20,-0.894884466408441,0.02,-0.914884466408441,-3.640502308162672
2016-01-22,1858.5,1902.25,1855.75,1899.25,True,False,False,0.02192628463814894,2045.76625,True,buy_after_first_green_after_red_below_200dma,2016-01-22,2.192628463814894,0.02,2.172628463814894,-1.467873844347778
2016-01-27,1885.25,1910.0,1864.5,1875.0,False,True,False,-0.005436944702294166,2042.63375,True,buy_after_first_green_after_red_below_200dma,2016-01-27,-0.5436944702294166,0.02,-0.5636944702294167,-2.0315683145771946
2016-01-29,1878.75,1933.0,1876.5,1930.0,True,False,False,0.02727877578176985,2040.73375,True,buy_after_first_green_after_red_below_200dma,2016-01-29,2.727877578176985,0.02,2.707877578176985,0.6763092635997903
2016-02-04,1907.75,1922.25,1890.25,1907.75,False,False,True,0.0,2037.1675,True,buy_after_first_green_after_red_below_200dma,2016-02-04,0.0,0.02,-0.02,0.6563092635997902
2016-02-16,1865.25,1892.75,1865.0,1888.75,True,False,False,0.012598847339498676,2028.5675,True,buy_after_first_green_after_red_below_200dma,2016-02-16,1.2598847339498676,0.02,1.2398847339498675,1.8961939975496578
2016-02-23,1934.0,1938.0,1913.75,1916.0,False,True,False,-0.009307135470527417,2024.33125,True,buy_after_first_green_after_red_below_200dma,2016-02-23,-0.9307135470527417,0.02,-0.9507135470527417,0.9454804504969161
2016-02-25,1933.0,1951.5,1920.25,1950.5,True,False,False,0.009053285049146487,2022.70375,True,buy_after_first_green_after_red_below_200dma,2016-02-25,0.9053285049146487,0.02,0.8853285049146487,1.8308089554115647
2016-03-02,1976.25,1984.75,1966.25,1983.5,True,False,False,0.003668564199873492,2019.7425,True,buy_after_first_green_after_red_below_200dma,2016-03-02,0.3668564199873492,0.02,0.3468564199873492,2.177665375398914
2016-03-10,1990.0,2010.25,1967.25,1988.75,False,True,False,-0.0006281407035175768,2015.80625,True,buy_after_first_green_after_red_below_200dma,2016-03-10,-0.06281407035175768,0.02,-0.08281407035175768,2.094851305047156
2018-10-26,2678.0,2692.75,2627.25,2669.5,False,True,False,-0.0031740104555638693,2768.31125,True,buy_after_first_green_after_red_below_200dma,2018-10-26,-0.31740104555638693,0.02,-0.33740104555638695,1.7574502594907693
2018-10-31,2690.75,2737.25,2682.0,2711.0,True,False,False,0.007525782774319367,2766.635,True,buy_after_first_green_after_red_below_200dma,2018-10-31,0.7525782774319367,0.02,0.7325782774319367,2.490028536922706
2018-11-16,2731.75,2748.75,2708.75,2743.0,True,False,False,0.004118239223940723,2762.0075,True,buy_after_first_green_after_red_below_200dma,2018-11-16,0.4118239223940723,0.02,0.39182392239407227,2.8818524593167782
2018-11-23,2635.5,2647.5,2626.0,2629.5,False,True,False,-0.0022766078542970636,2762.2625,True,buy_after_first_green_after_red_below_200dma,2018-11-23,-0.22766078542970636,0.02,-0.24766078542970635,2.634191673887072
2018-11-27,2661.0,2686.75,2655.25,2683.5,True,False,False,0.008455467869222133,2762.65875,True,buy_after_first_green_after_red_below_200dma,2018-11-27,0.8455467869222133,0.02,0.8255467869222133,3.459738460809285
2018-12-11,2644.0,2678.0,2621.25,2641.25,False,True,False,-0.0010400907715581997,2761.97125,True,buy_after_first_green_after_red_below_200dma,2018-12-11,-0.10400907715581997,0.02,-0.12400907715581998,3.335729383653465
2018-12-13,2653.0,2671.0,2637.25,2645.5,False,True,False,-0.0028269883151149644,2761.15125,True,buy_after_first_green_after_red_below_200dma,2018-12-13,-0.28269883151149644,0.02,-0.30269883151149646,3.0330305521419687
2018-12-27,2470.25,2498.75,2397.0,2495.0,True,False,False,0.010019228822993664,2750.375,True,buy_after_first_green_after_red_below_200dma,2018-12-27,1.0019228822993664,0.02,0.9819228822993664,4.014953434441335
2019-01-02,2508.0,2521.25,2452.25,2511.0,True,False,False,0.0011961722488038617,2746.61625,True,buy_after_first_green_after_red_below_200dma,2019-01-02,0.11961722488038617,0.02,0.09961722488038617,4.114570659321721
2019-01-07,2537.25,2567.5,2523.25,2550.5,True,False,False,0.005222189378263797,2743.44125,True,buy_after_first_green_after_red_below_200dma,2019-01-07,0.5222189378263797,0.02,0.5022189378263797,4.6167895971481006
2019-01-16,2605.75,2626.25,2602.5,2613.25,True,False,False,0.0028782500239854514,2742.44875,True,buy_after_first_green_after_red_below_200dma,2019-01-16,0.28782500239854514,0.02,0.2678250023985451,4.884614599546646
2019-01-24,2635.0,2647.5,2626.0,2634.0,False,True,False,-0.0003795066413662118,2742.77,True,buy_after_first_green_after_red_below_200dma,2019-01-24,-0.03795066413662118,0.02,-0.057950664136621186,4.826663935410025
2019-01-28,2660.0,2663.5,2622.25,2642.0,False,True,False,-0.006766917293233088,2742.8175,True,buy_after_first_green_after_red_below_200dma,2019-01-28,-0.6766917293233088,0.02,-0.6966917293233088,4.129972206086716
2019-02-05,2719.5,2737.75,2716.25,2731.0,True,False,False,0.004228718514432739,2743.175,True,buy_after_first_green_after_red_below_200dma,2019-02-05,0.4228718514432739,0.02,0.40287185144327387,4.53284405752999
2019-02-11,2710.75,2721.5,2700.5,2708.25,False,True,False,-0.000922253988748456,2744.3025,True,buy_after_first_green_after_red_below_200dma,2019-02-11,-0.0922253988748456,0.02,-0.1122253988748456,4.420618658655145
2019-06-04,2754.0,2806.25,2744.0,2805.0,True,False,False,0.0185185185185186,2776.8581994628908,True,buy_after_first_green_after_red_below_200dma,2019-06-04,1.85185185185186,0.02,1.83185185185186,6.252470510507004
2020-03-02,2900.0,3093.25,2889.25,3065.0,True,False,False,0.05689655172413799,3049.0076501464846,True,buy_after_first_green_after_red_below_200dma,2020-03-02,5.689655172413799,0.02,5.669655172413799,11.922125682920804
2020-03-11,2859.5,2869.5,2702.75,2740.25,False,True,False,-0.04170309494666902,3051.436400146484,True,buy_after_first_green_after_red_below_200dma,2020-03-11,-4.170309494666902,0.02,-4.190309494666901,7.7318161882539025
2020-03-16,2673.75,2675.0,2360.25,2416.25,False,True,False,-0.09630668536699394,3047.4651501464846,True,buy_after_first_green_after_red_below_200dma,2020-03-16,-9.630668536699394,0.02,-9.650668536699394,-1.9188523484454914
2020-03-18,2478.5,2498.0,2274.75,2414.0,False,True,False,-0.026023804720597177,3044.5026501464845,True,buy_after_first_green_after_red_below_200dma,2020-03-18,-2.6023804720597177,0.02,-2.6223804720597177,-4.5412328205052095
2020-03-23,2220.25,2386.0,2174.0,2220.5,True,False,False,0.00011259993244006061,3037.418800048828,True,buy_after_first_green_after_red_below_200dma,2020-03-23,0.011259993244006061,0.02,-0.00874000675599394,-4.549972827261203
2020-03-31,2613.25,2635.75,2555.75,2569.75,False,True,False,-0.016645938964890417,3026.9225500488283,True,buy_after_first_green_after_red_below_200dma,2020-03-31,-1.6645938964890417,0.02,-1.6845938964890417,-6.234566723750245
2020-04-03,2513.75,2529.5,2449.0,2482.75,False,True,False,-0.012332173048234751,3020.4450500488283,True,buy_after_first_green_after_red_below_200dma,2020-04-03,-1.2332173048234751,0.02,-1.2532173048234752,-7.48778402857372
2020-04-07,2645.5,2750.0,2623.5,2642.0,False,True,False,-0.0013230013230013382,3017.3293005371092,True,buy_after_first_green_after_red_below_200dma,2020-04-07,-0.13230013230013382,0.02,-0.1523001323001338,-7.640084160873854
2020-04-09,2737.75,2809.5,2701.0,2779.75,True,False,False,0.015341064742945942,3015.5330505371094,True,buy_after_first_green_after_red_below_200dma,2020-04-09,1.5341064742945942,0.02,1.5141064742945942,-6.12597768657926
2020-04-15,2843.75,2845.5,2751.25,2775.0,False,True,False,-0.0241758241758242,3013.4530505371094,True,buy_after_first_green_after_red_below_200dma,2020-04-15,-2.41758241758242,0.02,-2.43758241758242,-8.563560104161681
2020-04-17,2863.0,2885.0,2821.0,2870.0,True,False,False,0.0024449877750611915,3012.0043005371094,True,buy_after_first_green_after_red_below_200dma,2020-04-17,0.24449877750611915,0.02,0.22449877750611916,-8.339061326655562
2020-04-23,2790.5,2836.75,2772.75,2780.75,False,True,False,-0.0034939974914889316,3007.7868005371092,True,buy_after_first_green_after_red_below_200dma,2020-04-23,-0.34939974914889316,0.02,-0.3693997491488932,-8.708461075804456
2020-04-27,2829.0,2881.25,2812.75,2869.0,True,False,False,0.014139271827500854,3006.2718005371094,True,buy_after_first_green_after_red_below_200dma,2020-04-27,1.4139271827500854,0.02,1.3939271827500854,-7.314533893054371
2020-04-30,2956.5,2965.0,2878.0,2902.5,False,True,False,-0.0182648401826484,3004.6268005371094,True,buy_after_first_green_after_red_below_200dma,2020-04-30,-1.82648401826484,0.02,-1.84648401826484,-9.161017911319211
2020-05-05,2827.0,2889.75,2824.5,2858.25,True,False,False,0.011054120976299986,3002.3555505371096,True,buy_after_first_green_after_red_below_200dma,2020-05-05,1.1054120976299986,0.02,1.0854120976299986,-8.075605813689213
2020-05-08,2882.0,2933.0,2879.75,2928.5,True,False,False,0.01613462873004856,3000.4730505371094,True,buy_after_first_green_after_red_below_200dma,2020-05-08,1.6134628730048561,0.02,1.5934628730048561,-6.482142940684357
2020-05-15,2846.25,2863.5,2809.5,2846.5,True,False,False,8.783487044361493e-05,2996.6455505371096,True,buy_after_first_green_after_red_below_200dma,2020-05-15,0.008783487044361493,0.02,-0.011216512955638507,-6.493359453639995
2020-05-21,2972.25,2973.5,2933.0,2937.0,False,True,False,-0.011859702245773374,2997.554300537109,True,buy_after_first_green_after_red_below_200dma,2020-05-21,-1.1859702245773374,0.02,-1.2059702245773374,-7.699329678217332
2020-05-26,2948.5,3019.75,2947.5,2994.5,True,False,False,0.015601153128709466,2998.1893005371094,True,buy_after_first_green_after_red_below_200dma,2020-05-26,1.5601153128709466,0.02,1.5401153128709466,-6.159214365346385
2022-01-25,4402.75,4406.75,4276.5,4349.0,False,True,False,-0.012208278916586268,4426.018950195313,True,buy_after_first_green_after_red_below_200dma,2022-01-25,-1.2208278916586268,0.02,-1.2408278916586268,-7.400042257005012
2022-01-27,4345.25,4422.0,4263.25,4317.75,False,True,False,-0.006328749784247134,4428.061450195312,True,buy_after_first_green_after_red_below_200dma,2022-01-27,-0.6328749784247134,0.02,-0.6528749784247134,-8.052917235429724
2022-01-31,4423.5,4507.75,4395.5,4504.25,True,False,False,0.018254775630157205,4431.005200195313,True,buy_after_first_green_after_red_below_200dma,2022-01-31,1.8254775630157205,0.02,1.8054775630157205,-6.2474396724140036
2022-02-25,4266.75,4384.25,4227.5,4380.0,True,False,False,0.0265424503427667,4455.047700195312,True,buy_after_first_green_after_red_below_200dma,2022-02-25,2.65424503427667,0.02,2.63424503427667,-3.6131946381373337
2022-03-03,4373.75,4418.75,4341.0,4359.25,False,True,False,-0.0033152329236925127,4459.327700195313,True,buy_after_first_green_after_red_below_200dma,2022-03-03,-0.33152329236925127,0.02,-0.3515232923692513,-3.964717930506585
2022-03-10,4279.0,4282.25,4207.0,4257.25,False,True,False,-0.005082963309184341,4461.478950195313,True,buy_after_first_green_after_red_below_200dma,2022-03-10,-0.5082963309184341,0.02,-0.5282963309184341,-4.493014261425019
2022-03-16,4257.5,4376.0,4246.25,4358.0,True,False,False,0.02360540223135632,4462.481450195312,True,buy_after_first_green_after_red_below_200dma,2022-03-16,2.360540223135632,0.02,2.340540223135632,-2.152474038289387
2022-04-14,4438.5,4455.75,4385.0,4387.5,False,True,False,-0.011490368367691794,4489.2082006835935,True,buy_after_first_green_after_red_below_200dma,2022-04-14,-1.1490368367691794,0.02,-1.1690368367691795,-3.3215108750585665
2022-04-20,4441.0,4484.25,4432.75,4455.5,True,False,False,0.0032650303985588547,4490.778200683594,True,buy_after_first_green_after_red_below_200dma,2022-04-20,0.32650303985588547,0.02,0.30650303985588545,-3.015007835202681
2022-04-26,4294.0,4303.5,4136.75,4170.5,False,True,False,-0.028761061946902644,4489.386950683594,True,buy_after_first_green_after_red_below_200dma,2022-04-26,-2.8761061946902644,0.02,-2.8961061946902644,-5.911114029892945
2022-04-28,4213.0,4303.5,4182.5,4283.5,True,False,False,0.016733918822691596,4488.0607006835935,True,buy_after_first_green_after_red_below_200dma,2022-04-28,1.6733918822691596,0.02,1.6533918822691596,-4.257722147623786
2022-05-03,4145.5,4195.75,4129.0,4169.25,True,False,False,0.005729103847545547,4485.690700683594,True,buy_after_first_green_after_red_below_200dma,2022-05-03,0.5729103847545547,0.02,0.5529103847545547,-3.7048117628692316
2022-05-11,3990.5,4050.5,3923.75,3930.25,False,True,False,-0.015098358601678963,4476.866950683594,True,buy_after_first_green_after_red_below_200dma,2022-05-11,-1.5098358601678963,0.02,-1.5298358601678963,-5.234647623037128
2022-05-16,4025.0,4043.5,3979.5,4004.75,False,True,False,-0.00503105590062114,4470.650700683594,True,buy_after_first_green_after_red_below_200dma,2022-05-16,-0.503105590062114,0.02,-0.523105590062114,-5.757753213099242
2022-05-18,4091.25,4095.0,3905.5,3922.75,False,True,False,-0.041185456767491635,4466.714450683594,True,buy_after_first_green_after_red_below_200dma,2022-05-18,-4.1185456767491635,0.02,-4.138545676749163,-9.896298889848406
2022-05-24,3951.75,3954.5,3872.0,3940.5,False,True,False,-0.002846840007591611,4456.9044506835935,True,buy_after_first_green_after_red_below_200dma,2022-05-24,-0.2846840007591611,0.02,-0.30468400075916113,-10.200982890607568
2022-05-26,3972.25,4073.5,3960.5,4055.75,True,False,False,0.021020832022153657,4452.714450683594,True,buy_after_first_green_after_red_below_200dma,2022-05-26,2.1020832022153657,0.02,2.0820832022153657,-8.118899688392203
2022-06-03,4177.75,4189.0,4096.75,4107.0,False,True,False,-0.016934953024953625,4444.910700683594,True,buy_after_first_green_after_red_below_200dma,2022-06-03,-1.6934953024953625,0.02,-1.7134953024953625,-9.832394990887565
2022-06-07,4122.0,4164.0,4076.0,4158.75,True,False,False,0.00891557496360984,4442.1144506835935,True,buy_after_first_green_after_red_below_200dma,2022-06-07,0.891557496360984,0.02,0.871557496360984,-8.960837494526581
2022-06-16,3794.25,3828.75,3639.0,3668.25,False,True,False,-0.03320814390195692,4419.640700683593,True,buy_after_first_green_after_red_below_200dma,2022-06-16,-3.320814390195692,0.02,-3.340814390195692,-12.301651884722274
2022-06-22,3766.25,3805.5,3693.25,3762.75,False,True,False,-0.0009293063391968559,4407.657000732422,True,buy_after_first_green_after_red_below_200dma,2022-06-22,-0.09293063391968559,0.02,-0.1129306339196856,-12.414582518641959
2022-06-24,3785.25,3919.75,3781.25,3916.25,True,False,False,0.03460801796446744,4401.078250732422,True,buy_after_first_green_after_red_below_200dma,2022-06-24,3.460801796446744,0.02,3.440801796446744,-8.973780722195215
2022-07-05,3828.5,3857.75,3744.0,3834.0,True,False,False,0.001436593966305244,4381.984500732422,True,buy_after_first_green_after_red_below_200dma,2022-07-05,0.1436593966305244,0.02,0.1236593966305244,-8.850121325564691
2022-07-18,3878.5,3909.5,3820.25,3833.75,False,True,False,-0.011537965708392384,4357.3928503417965,True,buy_after_first_green_after_red_below_200dma,2022-07-18,-1.1537965708392384,0.02,-1.1737965708392384,-10.02391789640393
2022-07-20,3947.0,3977.25,3922.25,3962.5,True,False,False,0.003927033189764284,4353.685350341797,True,buy_after_first_green_after_red_below_200dma,2022-07-20,0.3927033189764284,0.02,0.3727033189764284,-9.6512145774275
2022-07-26,3959.0,3964.5,3913.25,3923.25,False,True,False,-0.009030058095478632,4346.136600341797,True,buy_after_first_green_after_red_below_200dma,2022-07-26,-0.9030058095478632,0.02,-0.9230058095478633,-10.574220386975364
2022-07-28,4022.0,4111.0,3994.5,4073.5,True,False,False,0.012804574838388927,4342.960350341797,True,buy_after_first_green_after_red_below_200dma,2022-07-28,1.2804574838388927,0.02,1.2604574838388927,-9.313762903136471
2022-08-04,4150.25,4173.25,4136.0,4152.25,True,False,False,0.00048189868080239506,4335.917850341797,True,buy_after_first_green_after_red_below_200dma,2022-08-04,0.048189868080239506,0.02,0.028189868080239506,-9.285573035056231
2022-08-11,4210.75,4260.5,4202.75,4209.75,False,True,False,-0.00023748738348272624,4326.704100341797,True,buy_after_first_green_after_red_below_200dma,2022-08-11,-0.023748738348272624,0.02,-0.04374873834827263,-9.329321773404503
2022-08-15,4277.0,4304.75,4249.0,4298.25,True,False,False,0.004968435819499684,4324.051600341797,True,buy_after_first_green_after_red_below_200dma,2022-08-15,0.49684358194996836,0.02,0.47684358194996834,-8.852478191454535
2022-08-19,4287.0,4288.0,4220.75,4231.5,False,True,False,-0.012946116165150401,4317.495350341796,True,buy_after_first_green_after_red_below_200dma,2022-08-19,-1.29461161651504,0.02,-1.31461161651504,-10.167089807969575
2022-08-25,4148.75,4202.75,4143.0,4201.0,True,False,False,0.012594154865923413,4307.024100341797,True,buy_after_first_green_after_red_below_200dma,2022-08-25,1.2594154865923413,0.02,1.2394154865923412,-8.927674321377234
2022-08-30,4035.75,4072.75,3964.5,3987.5,False,True,False,-0.011955646410208742,4297.599100341797,True,buy_after_first_green_after_red_below_200dma,2022-08-30,-1.1955646410208742,0.02,-1.2155646410208742,-10.143238962398108
2022-09-02,3967.5,4019.25,3906.0,3924.5,False,True,False,-0.010838059231253916,4286.581600341797,True,buy_after_first_green_after_red_below_200dma,2022-09-02,-1.0838059231253916,0.02,-1.1038059231253916,-11.2470448855235
2022-09-08,3980.0,4011.5,3942.75,4005.5,True,False,False,0.006407035175879372,4275.650350341797,True,buy_after_first_green_after_red_below_200dma,2022-09-08,0.6407035175879372,0.02,0.6207035175879372,-10.626341367935563
2022-09-15,3955.0,3959.5,3888.0,3902.0,False,True,False,-0.013400758533501866,4258.874100341797,True,buy_after_first_green_after_red_below_200dma,2022-09-15,-1.3400758533501866,0.02,-1.3600758533501867,-11.98641722128575
2022-09-20,3923.0,3936.25,3843.25,3872.75,False,True,False,-0.012809074687738953,4248.927800292969,True,buy_after_first_green_after_red_below_200dma,2022-09-20,-1.2809074687738953,0.02,-1.3009074687738953,-13.287324690059645
2022-09-29,3730.25,3736.0,3622.0,3654.25,False,True,False,-0.020373969573084905,4216.1590502929685,True,buy_after_first_green_after_red_below_200dma,2022-09-29,-2.0373969573084905,0.02,-2.0573969573084905,-15.344721647368136
2022-10-04,3696.5,3808.75,3686.25,3803.25,True,False,False,0.02887866901122682,4201.557800292969,True,buy_after_first_green_after_red_below_200dma,2022-10-04,2.887866901122682,0.02,2.867866901122682,-12.476854746245454
2022-10-14,3680.25,3733.75,3591.25,3597.5,False,True,False,-0.022484885537667254,4160.125500488281,True,buy_after_first_green_after_red_below_200dma,2022-10-14,-2.2484885537667254,0.02,-2.2684885537667254,-14.74534330001218
2022-10-18,3706.25,3777.25,3697.25,3732.75,True,False,False,0.007150084317032013,4149.581750488282,True,buy_after_first_green_after_red_below_200dma,2022-10-18,0.7150084317032013,0.02,0.6950084317032013,-14.05033486830898
2022-10-24,3771.0,3822.0,3736.5,3809.25,True,False,False,0.010143198090692085,4129.609250488281,True,buy_after_first_green_after_red_below_200dma,2022-10-24,1.0143198090692085,0.02,0.9943198090692085,-13.05601505923977
2022-10-31,3911.5,3914.75,3872.25,3883.0,False,True,False,-0.007286207337338646,4109.218000488281,True,buy_after_first_green_after_red_below_200dma,2022-10-31,-0.7286207337338646,0.02,-0.7486207337338646,-13.804635792973635
2022-11-07,3750.0,3821.75,3738.25,3815.25,True,False,False,0.017400000000000082,4090.9292504882815,True,buy_after_first_green_after_red_below_200dma,2022-11-07,1.7400000000000082,0.02,1.7200000000000082,-12.084635792973627
2022-11-11,3973.0,4009.75,3951.0,4000.25,True,False,False,0.006858796878932871,4081.6292504882813,True,buy_after_first_green_after_red_below_200dma,2022-11-11,0.6858796878932871,0.02,0.6658796878932871,-11.41875610508034
2022-11-16,3992.0,4015.75,3962.0,3968.5,False,True,False,-0.005886773547094215,4073.9867504882814,True,buy_after_first_green_after_red_below_200dma,2022-11-16,-0.5886773547094215,0.02,-0.6086773547094215,-12.02743345978976
2022-11-21,3972.5,3982.0,3937.5,3958.0,False,True,False,-0.003650094398993109,4065.729250488281,True,buy_after_first_green_after_red_below_200dma,2022-11-21,-0.3650094398993109,0.02,-0.3850094398993109,-12.412442899689072
2022-11-23,4010.0,4039.5,4002.0,4033.0,True,False,False,0.005735660847880242,4061.0042504882813,True,buy_after_first_green_after_red_below_200dma,2022-11-23,0.5735660847880242,0.02,0.5535660847880242,-11.858876814901048
2022-12-09,3964.75,3990.0,3930.0,3936.25,False,True,False,-0.007188347310675303,4039.269250488281,True,buy_after_first_green_after_red_below_200dma,2022-12-09,-0.7188347310675303,0.02,-0.7388347310675303,-12.59771154596858
2022-12-13,3989.25,4145.0,3985.0,4022.25,True,False,False,0.00827223162248547,4035.599250488281,True,buy_after_first_green_after_red_below_200dma,2022-12-13,0.8272231622485471,0.02,0.8072231622485471,-11.790488383720032
2022-12-21,3857.25,3918.75,3855.5,3905.75,True,False,False,0.012573724803940589,4023.7378503417967,True,buy_after_first_green_after_red_below_200dma,2022-12-21,1.257372480394059,0.02,1.237372480394059,-10.553115903325972
2022-12-27,3878.0,3900.5,3837.25,3855.0,False,True,False,-0.005930892212480665,4017.937850341797,True,buy_after_first_green_after_red_below_200dma,2022-12-27,-0.5930892212480665,0.02,-0.6130892212480665,-11.166205124574038
2022-12-30,3869.75,3871.0,3821.5,3861.0,False,True,False,-0.00226112797984368,4011.679100341797,True,buy_after_first_green_after_red_below_200dma,2022-12-30,-0.226112797984368,0.02,-0.246112797984368,-11.412317922558406
2023-01-05,3871.0,3885.5,3822.5,3829.0,False,True,False,-0.010849909584086825,4003.0673498535157,True,buy_after_first_green_after_red_below_200dma,2023-01-05,-1.0849909584086825,0.02,-1.1049909584086826,-12.51730888096709
2023-01-09,3918.5,3973.25,3909.75,3913.75,False,True,False,-0.001212198545361698,3997.4510998535156,True,buy_after_first_green_after_red_below_200dma,2023-01-09,-0.12121985453616979,0.02,-0.14121985453616978,-12.658528735503259
2023-01-11,3941.0,3992.5,3934.5,3990.0,True,False,False,0.01243339253996445,3991.8598498535157,True,buy_after_first_green_after_red_below_200dma,2023-01-11,1.243339253996445,0.02,1.223339253996445,-11.435189481506814
2023-03-15,3920.5,3931.0,3834.0,3892.75,False,True,False,-0.007078178803723967,3946.293599853516,True,buy_after_first_green_after_red_below_200dma,2023-03-15,-0.7078178803723967,0.02,-0.7278178803723967,-12.163007361879211
2023-10-31,4184.25,4215.0,4166.75,4212.25,True,False,False,0.006691760769552468,4262.288101806641,True,buy_after_first_green_after_red_below_200dma,2023-10-31,0.6691760769552468,0.02,0.6491760769552468,-11.513831284923965
2025-03-13,5596.5,5623.0,5509.25,5527.5,False,True,False,-0.01232913428035376,5769.783200683593,True,buy_after_first_green_after_red_below_200dma,2025-03-13,-1.232913428035376,0.02,-1.252913428035376,-12.76674471295934
2025-03-17,5626.75,5707.5,5599.0,5680.25,True,False,False,0.009508153019060828,5773.340700683594,True,buy_after_first_green_after_red_below_200dma,2025-03-17,0.9508153019060828,0.02,0.9308153019060827,-11.835929411053257
2025-03-20,5680.0,5714.25,5631.5,5662.5,False,True,False,-0.0030809859154929953,5778.906950683594,True,buy_after_first_green_after_red_below_200dma,2025-03-20,-0.3080985915492995,0.02,-0.32809859154929955,-12.164028002602556
2025-03-28,5741.75,5747.75,5602.25,5623.0,False,True,False,-0.020681847868681102,5790.089699707031,True,buy_after_first_green_after_red_below_200dma,2025-03-28,-2.0681847868681102,0.02,-2.0881847868681103,-14.252212789470667
2025-04-01,5644.25,5694.75,5600.25,5674.5,True,False,False,0.005359436594764677,5792.398449707031,True,buy_after_first_green_after_red_below_200dma,2025-04-01,0.5359436594764677,0.02,0.5159436594764677,-13.736269129994199
2025-04-08,5126.5,5305.25,4940.5,5020.25,False,True,False,-0.020725641275724183,5787.483999023438,True,buy_after_first_green_after_red_below_200dma,2025-04-08,-2.0725641275724183,0.02,-2.0925641275724183,-15.828833257566616
2025-04-10,5502.5,5528.75,5146.75,5302.0,False,True,False,-0.036437982735120444,5786.178999023437,True,buy_after_first_green_after_red_below_200dma,2025-04-10,-3.6437982735120444,0.02,-3.6637982735120445,-19.49263153107866
2025-04-14,5452.5,5497.75,5391.0,5440.75,False,True,False,-0.0021549747822100507,5784.891499023437,True,buy_after_first_green_after_red_below_200dma,2025-04-14,-0.21549747822100507,0.02,-0.23549747822100506,-19.728129009299668
2025-04-21,5283.75,5306.75,5127.25,5184.75,False,True,False,-0.01873669268985101,5779.977749023437,True,buy_after_first_green_after_red_below_200dma,2025-04-21,-1.8736692689851009,0.02,-1.893669268985101,-21.621798278284768
2025-04-23,5379.75,5499.75,5377.75,5401.75,True,False,False,0.0040894093591710146,5777.3264990234375,True,buy_after_first_green_after_red_below_200dma,2025-04-23,0.40894093591710146,0.02,0.38894093591710144,-21.232857342367666
2025-05-08,5643.25,5741.0,5636.5,5684.5,True,False,False,0.007309617684844616,5775.975249023438,True,buy_after_first_green_after_red_below_200dma,2025-05-08,0.7309617684844616,0.02,0.7109617684844616,-20.521895573883203
2026-03-24,6635.0,6680.5,6573.5,6606.0,False,True,False,-0.004370761115297661,6655.470749511719,True,buy_after_first_green_after_red_below_200dma,2026-03-24,-0.4370761115297661,0.02,-0.4570761115297661,-20.97897168541297
2026-03-31,6385.25,6583.25,6353.25,6570.75,True,False,False,0.029051329235347145,6667.590749511719,True,buy_after_first_green_after_red_below_200dma,2026-03-31,2.9051329235347145,0.02,2.8851329235347145,-18.093838761878253
